Agriculture & Food,"Apparel,Textiles & Accessories",Auto & Transportation,"Bags, Shoes & Accessories",Electronics,"Electrical Equipment, Components & Telecoms","Gifts, Sports & Toys",Health & Beauty,"Home, Lights & Construction","Machinery, Industrial Parts & Tools","Metallurgy, Chemicals, Rubber & Plastics","Packaging, Advertising & Office"
http://www.alibaba.com/Agricultural-Waste_pid138,http://www.alibaba.com/Apparel-Design-Services_pid280503,http://www.alibaba.com/Automobiles_pid100002871,http://www.alibaba.com/Bag-Luggage-Making-Materials_pid3807,https://www.alibaba.com/catalog/computer-hardware-software_cid7?spm=a2700.galleryofferlist.galleryFilter.3.4d262567ljSoRq,https://www.alibaba.com/catalog/solar-energy-products_cid1007,http://www.alibaba.com/Amusement-Park_pid100005611,http://www.alibaba.com/Animal-Extract_pid119,http://www.alibaba.com/Aluminum-Composite-Panels_pid1341,http://www.alibaba.com/Agriculture-Machinery-Equipment_pid100009395,http://www.alibaba.com/Aluminum_pid936,http://www.alibaba.com/Adhesive-Tape_pid100000276
http://www.alibaba.com/Animal-Products_pid100003006,http://www.alibaba.com/Apparel-Processing-Services_pid355,https://www.alibaba.com/catalog/trailers_cid205775307,http://www.alibaba.com/Bag-Parts-Accessories_pid152409,https://www.alibaba.com/catalogs/products/CID201896009,http://www.alibaba.com/Batteries_pid528,http://www.alibaba.com/Artificial-Grass-Sports-Flooring_pid100005252,http://www.alibaba.com/Plant-Extracts_pid100009244,http://www.alibaba.com/Balustrades-Handrails_pid100006478,http://www.alibaba.com/Apparel-Textile-Machinery_pid100009399,http://www.alibaba.com/Barbed-Wire_pid944,http://www.alibaba.com/Agricultural-Packaging_pid100002825
http://www.alibaba.com/Beans_pid105,http://www.alibaba.com/Apparel-Stock_pid333,https://www.alibaba.com/catalog/trucks_cid205776714,http://www.alibaba.com/Business-Bags-Cases_pid3801,http://www.alibaba.com/Accessories-Parts_pid100009632,https://www.alibaba.com/catalog/electrical-instruments_cid153703,http://www.alibaba.com/Fitness-Body-Building_pid100005259,http://www.alibaba.com/Body-Weight_pid0,http://www.alibaba.com/Bathroom_pid100006479,http://www.alibaba.com/Building-Material-Machinery_pid4314,http://www.alibaba.com/Billets_pid941,http://www.alibaba.com/Aluminum-Foil_pid230606
http://www.alibaba.com/Cocoa-Beans_pid10502,http://www.alibaba.com/Boy’s-Clothing_pid100003186,https://www.alibaba.com/catalog/golf-carts_cid205777508,http://www.alibaba.com/Digital-Gear-Camera-Bags_pid3802,http://www.alibaba.com/Camera-Photo-Accessories_pid100009630,http://www.alibaba.com/Circuit-Breakers_pid141914,http://www.alibaba.com/Gambling_pid100005300,http://www.alibaba.com/Health-Care-Supplement_pid100009254,http://www.alibaba.com/Boards_pid100005172,http://www.alibaba.com/Chemical-Machinery-Equipment_pid1416,http://www.alibaba.com/Carbon_pid146701,http://www.alibaba.com/Apparel-Packaging_pid100002832
http://www.alibaba.com/Coffee-Beans_pid100009043,http://www.alibaba.com/Costumes_pid100003238,https://www.alibaba.com/catalog/marine-parts-accessories_cid205777512,http://www.alibaba.com/Handbags-Messenger-Bags_pid100002610,http://www.alibaba.com/Electronic-Publications_pid100009633,http://www.alibaba.com/Connectors-Terminals_pid14190406,http://www.alibaba.com/Golf_pid100005322,http://www.alibaba.com/Health-Care-Supplies_pid100009356,http://www.alibaba.com/Building-Glass_pid1315,http://www.alibaba.com/Electronic-Products-Machinery_pid100003850,http://www.alibaba.com/Carbon-Fiber_pid100006465,http://www.alibaba.com/Blister-Cards_pid230602
http://www.alibaba.com/Farm-Machinery-Equipment_pid100003758,http://www.alibaba.com/Ethnic-Clothing_pid100003239,https://www.alibaba.com/catalog/truck-parts-accessories_cid205777709,http://www.alibaba.com/Luggage-Travel-Bags_pid152404,http://www.alibaba.com/Home-Audio-Video-Accessories_pid100009629,https://www.alibaba.com/catalog/industrial-controls_cid205775507,http://www.alibaba.com/Indoor-Sports_pid100005334,http://www.alibaba.com/Crude-Medicine_pid100009270,http://www.alibaba.com/Ceilings_pid100006527,http://www.alibaba.com/Energy-Mineral-Equipment_pid100009396,http://www.alibaba.com/Cast-Forged_pid902,http://www.alibaba.com/Bottles_pid230603
http://www.alibaba.com/Feed_pid100002650,http://www.alibaba.com/Garment-Accessories_pid328,https://www.alibaba.com/catalog/trains_cid205778208,http://www.alibaba.com/Luggage-Cart_pid3810,http://www.alibaba.com/Mobile-Phone-Accessories_pid100002954,http://www.alibaba.com/Contactors_pid526,http://www.alibaba.com/Musical-Instruments_pid100005383,http://www.alibaba.com/Prepared-Drugs-In-Pieces_pid100009269,http://www.alibaba.com/Corner-Guards_pid1340,http://www.alibaba.com/Engineering-Construction-Machinery_pid1326,http://www.alibaba.com/Cemented-Carbide_pid100008959,http://www.alibaba.com/Cans_pid230604
http://www.alibaba.com/Fresh-Seafood_pid100007332,http://www.alibaba.com/Girls’-Clothing_pid100003199,https://www.alibaba.com/catalog/motorcycles-scooters_cid205778704,http://www.alibaba.com/Other-Luggage-Bags-Cases_pid152499,http://www.alibaba.com/Other-Consumer-Electronics_pid4499,https://www.alibaba.com/catalog/motors_cid100006831,http://www.alibaba.com/Other-Sports-Entertainment-Products_pid100005663,http://www.alibaba.com/Traditional-Patented-Medicines_pid100009268,http://www.alibaba.com/Countertops-Vanity-Tops-Table-Tops_pid131210,http://www.alibaba.com/Food-Beverage-Machinery_pid100006936,http://www.alibaba.com/Ceramic-Fiber-Products_pid146703,http://www.alibaba.com/Chemical-Packaging_pid100002842
http://www.alibaba.com/Fruit_pid103,http://www.alibaba.com/Infant-Toddlers-Clothing_pid100003234,https://www.alibaba.com/catalog/auto-parts-accessories_cid205778707,http://www.alibaba.com/Special-Purpose-Bags-Cases_pid3805,http://www.alibaba.com/Portable-Audio-Video-Accessories_pid100009628,https://www.alibaba.com/catalog/electrical-supplies_cid205782207,http://www.alibaba.com/Outdoor-Sports_pid100005431,http://www.alibaba.com/Body-Fluid-Processing-Circulation-Devices_pid100003107,http://www.alibaba.com/Curtain-Walls-Accessories_pid100005188,http://www.alibaba.com/General-Industrial-Equipment_pid14,http://www.alibaba.com/Ceramics_pid90902,http://www.alibaba.com/Composite-Packaging-Materials_pid230611
http://www.alibaba.com/Grain_pid101,http://www.alibaba.com/Mannequins_pid33801,https://www.alibaba.com/catalog/emergency-vehicles_cid205779009,http://www.alibaba.com/Sports-Leisure-Bags_pid3806,http://www.alibaba.com/Video-Game-Accessories_pid100009631,http://www.alibaba.com/Electronic-Instrument-Enclosures_pid150512,http://www.alibaba.com/Sports-Gloves_pid100005493,http://www.alibaba.com/Clinical-Analytical-Instruments_pid100003105,http://www.alibaba.com/Decorative-Films_pid1343,http://www.alibaba.com/Home-Product-Making-Machinery_pid1530,http://www.alibaba.com/Copper_pid935,http://www.alibaba.com/Cosmetics-Packaging_pid231903
http://www.alibaba.com/Herbal-Cigars-Cigarettes_pid100008999,http://www.alibaba.com/Maternity-Clothing_pid100005837,https://www.alibaba.com/catalog/bus-parts-accessories_cid205780805,http://www.alibaba.com/Wallets-Holders_pid3803,http://www.alibaba.com/Mobile-Phones_pid5090301,http://www.alibaba.com/Fuse-Components_pid4103,http://www.alibaba.com/Sports-Safety_pid100005505,http://www.alibaba.com/Dental-Equipment_pid100009271,http://www.alibaba.com/Door-Window-Accessories_pid153803,http://www.alibaba.com/Industry-Laser-Equipment_pid100009418,http://www.alibaba.com/Copper-Forged_pid100006464,http://www.alibaba.com/Electronics-Packaging_pid231905
http://www.alibaba.com/Mushrooms-Truffles_pid106,http://www.alibaba.com/Men’s-Clothing_pid100003070,https://www.alibaba.com/catalog/atvs-utvs_cid205776608,http://www.alibaba.com/Carry-on-Luggage_pid100002625,http://www.alibaba.com/Earphone-Headphone_pid63705,http://www.alibaba.com/Fuses_pid540,http://www.alibaba.com/Sports-Souvenirs_pid2042,http://www.alibaba.com/Emergency-Clinics-Apparatuses_pid100009279,http://www.alibaba.com/Doors-Windows_pid100006533,http://www.alibaba.com/Machine-Tool-Equipment_pid100006937,http://www.alibaba.com/Fiberglass-Products_pid1406,http://www.alibaba.com/Food-Packaging_pid231902
http://www.alibaba.com/Nuts-Kernels_pid104,http://www.alibaba.com/Sewing-Supplies_pid353,https://www.alibaba.com/catalog/bus_cid205776004,http://www.alibaba.com/Luggage-Sets_pid100002869,http://www.alibaba.com/Power-Banks_pid100009648,http://www.alibaba.com/Generators_pid141902,http://www.alibaba.com/Team-Sports_pid100005525,http://www.alibaba.com/Equipments-of-Traditional-Chinese-Medicine_pid100003104,http://www.alibaba.com/Earthwork-Products_pid100005190,http://www.alibaba.com/Metal-Metallurgy-Machinery_pid1426,http://www.alibaba.com/Glass_pid90903,http://www.alibaba.com/Gift-Packaging_pid231909
http://www.alibaba.com/Ornamental-Plants_pid100002622,http://www.alibaba.com/Sportswear_pid301,https://www.alibaba.com/catalog/containers_cid205777609,http://www.alibaba.com/Trolley-Bags_pid100002627,http://www.alibaba.com/Digital-Camera_pid1909,http://www.alibaba.com/Power-Accessories_pid141913,http://www.alibaba.com/Tennis_pid100005568,http://www.alibaba.com/General-Assay-Diagnostic-Apparatuses_pid100009292,http://www.alibaba.com/Elevators-Elevator-Parts_pid100006535,http://www.alibaba.com/Other-Machinery-Industry-Equipment_pid4399,http://www.alibaba.com/Graphite-Products_pid90904,http://www.alibaba.com/Handles_pid230608
http://www.alibaba.com/Other-Agriculture-Products_pid135,http://www.alibaba.com/Stage-Dance-Wear_pid100003240,https://www.alibaba.com/catalog/other-vehicle-parts-accessories_cid205780008,http://www.alibaba.com/Briefcases_pid152402,http://www.alibaba.com/Radio-TV-Accessories_pid503,http://www.alibaba.com/Power-Distribution-Equipment_pid4105,http://www.alibaba.com/Water-Sports_pid100005575,http://www.alibaba.com/Medical-Consumable_pid100009304,http://www.alibaba.com/Escalators-Escalator-Parts_pid100006536,http://www.alibaba.com/Packaging-Machine_pid100009422,http://www.alibaba.com/Ingots_pid921,http://www.alibaba.com/Hot-Stamping-Foil_pid230616
http://www.alibaba.com/Plant-Animal-Oil_pid136,http://www.alibaba.com/Tag-Guns_pid354,https://www.alibaba.com/catalog/other-vehicles_cid205781708,http://www.alibaba.com/Cosmetic-Bags-Cases_pid152407,http://www.alibaba.com/Speaker_pid518,http://www.alibaba.com/Power-Supplies_pid141911,http://www.alibaba.com/Winter-Sports_pid100005597,http://www.alibaba.com/Medical-Cryogenic-Equipments_pid100003112,http://www.alibaba.com/Faucets-Mixers-Taps_pid100006489,http://www.alibaba.com/Paper-Production-Machinery_pid100009417,http://www.alibaba.com/Iron_pid917,http://www.alibaba.com/Jars_pid100001140
http://www.alibaba.com/Plant-Seeds-Bulbs_pid100001746,http://www.alibaba.com/Uniforms_pid100003237,,http://www.alibaba.com/Shopping-Bags_pid380530,http://www.alibaba.com/Television_pid634,http://www.alibaba.com/Professional-Audio-Video-Lighting_pid527,http://www.alibaba.com/Camping-Hiking_pid100005433,http://www.alibaba.com/Medical-Software_pid100003113,http://www.alibaba.com/Fiberglass-Wall-Meshes_pid100007145,http://www.alibaba.com/Pharmaceutical-Machinery_pid100006900,http://www.alibaba.com/Lead_pid939,http://www.alibaba.com/Lids-Bottle-Caps-Closures_pid230609
http://www.alibaba.com/Timber-Raw-Materials_pid100009051,http://www.alibaba.com/Used-Clothes_pid337,,http://www.alibaba.com/Handbags_pid100002703,http://www.alibaba.com/Cables_pid100009644,http://www.alibaba.com/Relays_pid141909,http://www.alibaba.com/Scooters_pid100005483,http://www.alibaba.com/Physical-Therapy-Equipments_pid100003117,http://www.alibaba.com/Fireplaces-Stoves_pid100006539,http://www.alibaba.com/Plastic-Rubber-Machinery_pid100009424,http://www.alibaba.com/Lime_pid90905,http://www.alibaba.com/Media-Packaging_pid231910
http://www.alibaba.com/Vanilla-Beans_pid10508,http://www.alibaba.com/Wedding-Apparel-Accessories_pid100003235,,http://www.alibaba.com/Backpacks_pid152401,http://www.alibaba.com/Charger_pid410299,http://www.alibaba.com/Switches_pid141906,http://www.alibaba.com/Gym-Equipment_pid100006579,http://www.alibaba.com/Radiology-Equipment-Accessories_pid100009320,http://www.alibaba.com/Fireproofing-Materials_pid100005198,http://www.alibaba.com/Printing-Machine_pid100009431,http://www.alibaba.com/Magnetic-Materials_pid911,http://www.alibaba.com/Metallized-Film_pid230617
http://www.alibaba.com/Vegetables_pid100002688,https://www.alibaba.com/catalog/women-s-clothing_cid100003109,,http://www.alibaba.com/Wallets_pid152405,http://www.alibaba.com/Digital-Battery_pid410201,http://www.alibaba.com/Transformers_pid141907,http://www.alibaba.com/Swimming-Diving_pid100005581,http://www.alibaba.com/Sterilization-Equipments_pid100003111,http://www.alibaba.com/Floor-Heating-Systems-Parts_pid100006537,http://www.alibaba.com/Refrigeration-Heat-Exchange-Equipment_pid100006819,http://www.alibaba.com/Metal-Scrap_pid110502,http://www.alibaba.com/Other-Packaging-Applications_pid231999
http://www.alibaba.com/Alcoholic-Beverage_pid204,http://www.alibaba.com/Down-Feather_pid100000938,,https://www.alibaba.com/catalog/baby-shoes_cid205781701,http://www.alibaba.com/Digital-Photo-Frame_pid4401,http://www.alibaba.com/Wires-Cables-Cable-Assemblies_pid141904,http://www.alibaba.com/Art-Collectible_pid100002989,http://www.alibaba.com/Surgical-Instrument_pid100009321,http://www.alibaba.com/Flooring-Accessories_pid100006547,http://www.alibaba.com/Used-Machinery-Equipment_pid100008386,http://www.alibaba.com/Metal-Slabs_pid916,http://www.alibaba.com/Other-Packaging-Materials_pid230699
http://www.alibaba.com/Baby-Food_pid100008699,http://www.alibaba.com/Fabric_pid423,,http://www.alibaba.com/Children’s-Shoes_pid32212,http://www.alibaba.com/3D-Glasses_pid100007533,http://www.alibaba.com/Wiring-Accessories_pid14190403,https://www.alibaba.com/catalog/crafts_cid205776912,http://www.alibaba.com/Ultrasonic-Optical-Electronic-Equipment_pid100009322,http://www.alibaba.com/Formwork_pid1353,http://www.alibaba.com/Woodworking-Machinery_pid1431,http://www.alibaba.com/Mineral-Wool_pid90906,http://www.alibaba.com/Packaging-Bags_pid2302
http://www.alibaba.com/Baked-Goods_pid218,http://www.alibaba.com/Fiber_pid415,,http://www.alibaba.com/Dance-Shoes_pid100003552,http://www.alibaba.com/Air-Conditioning-Appliances_pid100000050,http://www.alibaba.com/Solar-Cells-Solar-Panel_pid52806,http://www.alibaba.com/Arts-Crafts-Stocks_pid1730,http://www.alibaba.com/Ward-Nursing-Equipments_pid100003110,http://www.alibaba.com/Gates_pid1356,http://www.alibaba.com/Custom-Fabrication-Services_pid100003880,http://www.alibaba.com/Molybdenum_pid100009214,http://www.alibaba.com/Packaging-Boxes_pid2303
http://www.alibaba.com/Bean-Products_pid207,http://www.alibaba.com/Fur_pid100000936,,http://www.alibaba.com/Genuine-Leather-Shoes_pid100001696,http://www.alibaba.com/Cleaning-Appliances_pid100000013,,http://www.alibaba.com/Cross-Stitch_pid100002705,http://www.alibaba.com/Medicines_pid100009361,http://www.alibaba.com/Heat-Insulation-Materials_pid100005201,http://www.alibaba.com/General-Mechanical-Components-Design-Services_pid4111,http://www.alibaba.com/Nickel_pid940,http://www.alibaba.com/Packaging-Labels_pid2305
http://www.alibaba.com/Canned-Food_pid214,http://www.alibaba.com/Grey-Fabric_pid414,,http://www.alibaba.com/Men’s-Shoes_pid100001615,http://www.alibaba.com/Hand-Dryers_pid614,,http://www.alibaba.com/Festive-Party-Supplies_pid100002992,http://www.alibaba.com/Baby-Care_pid100001118,http://www.alibaba.com/HVAC-Systems-Parts_pid1335,http://www.alibaba.com/General-Mechanical-Components-Stock_pid4108,http://www.alibaba.com/Non-Metallic-Mineral-Deposit_pid908,http://www.alibaba.com/Packaging-Trays_pid100003573
http://www.alibaba.com/Coffee_pid289,http://www.alibaba.com/Home-Textile_pid405,,http://www.alibaba.com/Other-Shoes_pid32299,http://www.alibaba.com/Home-Appliance-Parts_pid100000016,,http://www.alibaba.com/Flags-Banners-Accessories_pid1733,http://www.alibaba.com/Bath-Supplies_pid660201,http://www.alibaba.com/Kitchen_pid100006497,http://www.alibaba.com/Industrial-Brake_pid100006897,http://www.alibaba.com/Ore_pid904,http://www.alibaba.com/Packaging-Tubes_pid2318
http://www.alibaba.com/Confectionery_pid236,http://www.alibaba.com/Leather_pid100000941,,http://www.alibaba.com/Shoe-Materials_pid32209,http://www.alibaba.com/Home-Appliances-Stocks_pid631,,http://www.alibaba.com/Gift-Sets_pid1735,http://www.alibaba.com/Beauty-Equipment_pid660101,http://www.alibaba.com/Ladders-Scaffoldings_pid1330,http://www.alibaba.com/Machine-Tools-Accessory_pid100006799,http://www.alibaba.com/Other-Metals-Metal-Products_pid918,http://www.alibaba.com/Paper-Paperboard_pid100002856
http://www.alibaba.com/Dairy_pid209,http://www.alibaba.com/Leather-Product_pid100003278,,http://www.alibaba.com/Shoe-Parts-Accessories_pid32210,http://www.alibaba.com/Home-Heaters_pid100000015,,http://www.alibaba.com/Holiday-Gifts_pid100002999,http://www.alibaba.com/Body-Art_pid660105,http://www.alibaba.com/Landscaping-Stone_pid131211,http://www.alibaba.com/Moulds_pid1458,http://www.alibaba.com/Other-Non-Metallic-Minerals-Products_pid943,http://www.alibaba.com/Paper-Packaging_pid100002862
http://www.alibaba.com/Drinking-Water_pid100008828,http://www.alibaba.com/Other-Textiles-Leather-Products_pid100000947,,http://www.alibaba.com/Shoe-Repairing-Equipment_pid32218,http://www.alibaba.com/Kitchen-Appliances_pid100000011,,http://www.alibaba.com/Home-Decoration_pid100002931,http://www.alibaba.com/Breast-Care_pid100001120,http://www.alibaba.com/Masonry-Materials_pid100005208,http://www.alibaba.com/Other-General-Mechanical-Components_pid4107,http://www.alibaba.com/Pig-Iron_pid942,http://www.alibaba.com/Pharmaceutical-Packaging_pid231904
http://www.alibaba.com/Egg-Egg-Products_pid100001750,http://www.alibaba.com/Textile-Accessories_pid100000948,,http://www.alibaba.com/Shoes-Design-Services_pid32220,http://www.alibaba.com/Laundry-Appliances_pid100000012,,http://www.alibaba.com/Key-Chains_pid1732,http://www.alibaba.com/Feminine-Hygiene_pid100000991,http://www.alibaba.com/Metal-Building-Materials_pid1320,http://www.alibaba.com/Other-Mechanical-Parts_pid100004799,http://www.alibaba.com/Quartz-Products_pid90907,http://www.alibaba.com/Plastic-Film_pid230607
http://www.alibaba.com/Food-Ingredients_pid100001710,http://www.alibaba.com/Textile-Processing_pid280504,,http://www.alibaba.com/Shoes-Processing-Services_pid32221,http://www.alibaba.com/Other-Home-Appliances_pid628,,http://www.alibaba.com/Knitting-Crocheting_pid100002706,http://www.alibaba.com/Fragrance-Deodorant_pid660102,http://www.alibaba.com/Mosaics_pid1316,http://www.alibaba.com/Used-General-Mechanical-Components_pid4109,http://www.alibaba.com/Rare-Earth-Products_pid922,http://www.alibaba.com/Plastic-Packaging_pid100002863
http://www.alibaba.com/Fruit-Products_pid100002654,http://www.alibaba.com/Thread_pid427,,http://www.alibaba.com/Shoes-Stock_pid32216,http://www.alibaba.com/Refrigerators-Freezers_pid100000026,,http://www.alibaba.com/Lacquerware_pid1719,http://www.alibaba.com/Hair-Care_pid660204,http://www.alibaba.com/Mouldings_pid1338,https://www.alibaba.com/catalog/coating-services_cid100004781?spm=a2700.galleryofferlist.galleryFilter.4.6e0a2067Uyl2jA,http://www.alibaba.com/Rare-Earth-Magnets_pid100006466,http://www.alibaba.com/Printing-Materials_pid100004839
http://www.alibaba.com/Grain-Products_pid238,http://www.alibaba.com/Yarn_pid408,,http://www.alibaba.com/Special-Purpose-Shoes_pid32208,http://www.alibaba.com/Water-Heaters_pid100000054,,http://www.alibaba.com/Lanyard_pid100002929,http://www.alibaba.com/Hair-Extensions-Wigs_pid100000992,http://www.alibaba.com/Multifunctional-Materials_pid1325,https://www.alibaba.com/catalog/hardware_cid205787801?spm=a2700.galleryofferlist.galleryFilter.3.7fd76dc39Y0RNP,http://www.alibaba.com/Refractory_pid90908,http://www.alibaba.com/Printing-Services_pid3597
http://www.alibaba.com/Honey-Products_pid100008902,http://www.alibaba.com/Cotton-Fabric_pid409,,http://www.alibaba.com/Sports-Shoes_pid100002699,http://www.alibaba.com/Water-Treatment-Appliances_pid100000014,,http://www.alibaba.com/Money-Boxes_pid1736,http://www.alibaba.com/Hair-Salon-Equipment_pid660301,http://www.alibaba.com/Other-Construction-Real-Estate_pid1333,http://www.alibaba.com/Hand-Tools_pid142003,http://www.alibaba.com/Steel_pid100000300,http://www.alibaba.com/Protective-Packaging_pid230615
http://www.alibaba.com/Instant-Food_pid216,http://www.alibaba.com/Polyester-Fabric_pid42305,,http://www.alibaba.com/Used-Shoes_pid32217,http://www.alibaba.com/Wet-Towel-Dispensers_pid648,,http://www.alibaba.com/Music-Boxes_pid1737,http://www.alibaba.com/Makeup_pid660103,http://www.alibaba.com/Plastic-Building-Materials_pid100005224,http://www.alibaba.com/Material-Handling-Tools_pid100009597,http://www.alibaba.com/Titanium_pid937,http://www.alibaba.com/Pulp_pid230111
http://www.alibaba.com/Meat-Poultry_pid100001756,http://www.alibaba.com/Bedding-Set_pid40601,,http://www.alibaba.com/Women’s-Shoes_pid100001606,http://www.alibaba.com/Air-Conditioners_pid601,,http://www.alibaba.com/Pottery-Enamel_pid1712,http://www.alibaba.com/Makeup-Tools_pid660104,http://www.alibaba.com/Quarry-Stone-Slabs_pid1312,http://www.alibaba.com/Power-Tool-Accessories_pid100006906,http://www.alibaba.com/Tungsten_pid100006733,http://www.alibaba.com/Shrink-Film_pid230610
http://www.alibaba.com/Other-Food-Beverage_pid225,http://www.alibaba.com/Towel_pid403,,,http://www.alibaba.com/Fans_pid618,,http://www.alibaba.com/Sculptures_pid1705,http://www.alibaba.com/Men-Care_pid100001119,http://www.alibaba.com/Real-Estate_pid31,http://www.alibaba.com/Power-Tools_pid1417,http://www.alibaba.com/Wire-Mesh_pid903,http://www.alibaba.com/Strapping_pid2314
http://www.alibaba.com/Seafood_pid109,http://www.alibaba.com/Chair-Cover_pid40510,,,http://www.alibaba.com/Vacuum-Cleaners_pid608,,http://www.alibaba.com/Souvenirs_pid1742,http://www.alibaba.com/Nail-Supplies_pid3308,http://www.alibaba.com/Soundproofing-Materials_pid100005230,http://www.alibaba.com/Tool-Design-Services_pid142014,http://www.alibaba.com/Zinc_pid938,http://www.alibaba.com/Stretch-Film_pid230618
http://www.alibaba.com/Seasonings-Condiments_pid212,http://www.alibaba.com/Genuine-Leather_pid41506,,,http://www.alibaba.com/Solar-Water-Heaters_pid100701,,http://www.alibaba.com/Stickers_pid100002930,http://www.alibaba.com/Oral-Hygiene_pid3305,http://www.alibaba.com/Stairs-Stair-Parts_pid100006589,http://www.alibaba.com/Tool-Parts_pid142001,http://www.alibaba.com/Gas-Disposal_pid1103,http://www.alibaba.com/Tobacco-Packaging_pid231911
http://www.alibaba.com/Snack-Food_pid100002847,http://www.alibaba.com/Belt-Accessories_pid33913,,,http://www.alibaba.com/Cooking-Appliances_pid100000017,,http://www.alibaba.com/Wedding-Decorations-Gifts_pid100002990,http://www.alibaba.com/Other-Beauty-Personal-Care-Products_pid100001117,http://www.alibaba.com/Stone-Carvings-and-Sculptures_pid131207,http://www.alibaba.com/Tool-Processing-Services_pid142015,http://www.alibaba.com/Noise-Reduction-Device_pid1102,http://www.alibaba.com/Transport-Packaging_pid2320
http://www.alibaba.com/Soft-Drinks_pid202,http://www.alibaba.com/Belts_pid32801,,,http://www.alibaba.com/Coffee-Makers_pid638,,http://www.alibaba.com/Action-Figure_pid2621,http://www.alibaba.com/Sanitary-Paper_pid1513,http://www.alibaba.com/Sunrooms-Glass-Houses_pid100006598,http://www.alibaba.com/Tool-Sets_pid100006919,http://www.alibaba.com/Other-Environmental-Products_pid1107,http://www.alibaba.com/Art-Supplies_pid211111
http://www.alibaba.com/Tea_pid100008840,http://www.alibaba.com/Fashion-Accessories-Design-Services_pid33911,,,http://www.alibaba.com/Blenders_pid64301,,http://www.alibaba.com/Baby-Toys_pid100001622,http://www.alibaba.com/Shaving-Hair-Removal_pid660302,http://www.alibaba.com/Tiles-Accessories_pid100006599,http://www.alibaba.com/Tool-Stock_pid142011,http://www.alibaba.com/Other-Excess-Inventory_pid3299,http://www.alibaba.com/Badge-Holder-Accessories_pid211112
http://www.alibaba.com/Vegetable-Products_pid100002689,http://www.alibaba.com/Fashion-Accessories-Processing-Services_pid33912,,,https://www.alibaba.com/catalog/locks-keys_cid205779704,,http://www.alibaba.com/Balloons_pid100001668,http://www.alibaba.com/Skin-Care_pid3306,http://www.alibaba.com/Timber_pid100005231,http://www.alibaba.com/Knife_pid14200306,http://www.alibaba.com/Recycling_pid1105,http://www.alibaba.com/Board_pid212002
,http://www.alibaba.com/Gloves-Mittens_pid324,,,https://www.alibaba.com/catalog/personal-protective-equipment_cid205781605,,http://www.alibaba.com/Candy-Toys_pid2624,http://www.alibaba.com/Skin-Care-Tool_pid100000993,http://www.alibaba.com/Tombstones-and-Monuments_pid131205,http://www.alibaba.com/Hand-Carts-Trolleys_pid142903,http://www.alibaba.com/Sewer_pid1106,http://www.alibaba.com/Board-Eraser_pid100003832
,http://www.alibaba.com/Scarf-Hat-Glove-Sets_pid33906,,,http://www.alibaba.com/Access-Control-Systems-Products_pid3030,,http://www.alibaba.com/Classic-Toys_pid100001626,,http://www.alibaba.com/Wallpapers/Wall-Coating_pid1303,http://www.alibaba.com/Lawn-Mower_pid100006909,http://www.alibaba.com/Waste-Management_pid1104,http://www.alibaba.com/Book-Cover_pid2114
,http://www.alibaba.com/Hats-Caps_pid327,,,http://www.alibaba.com/Alarm_pid3008,,http://www.alibaba.com/Dolls_pid2605,,http://www.alibaba.com/Waterproofing-Materials_pid100005232,http://www.alibaba.com/Sander_pid141716,http://www.alibaba.com/Water-Treatment_pid1101,http://www.alibaba.com/Books_pid2202
,http://www.alibaba.com/Scarves-Shawls_pid325,,,http://www.alibaba.com/CCTV-Products_pid3011,,http://www.alibaba.com/Educational-Toys_pid100001625,,http://www.alibaba.com/Bakeware_pid100005652,,http://www.alibaba.com/Textile-Waste_pid110501,http://www.alibaba.com/Calculator_pid501
,http://www.alibaba.com/Hair-Accessories_pid33901,,,http://www.alibaba.com/Firefighting-Supplies_pid3009,,http://www.alibaba.com/Electronic-Toys_pid100001629,,http://www.alibaba.com/Barware_pid100004809,,http://www.alibaba.com/Waste-Paper_pid110504,http://www.alibaba.com/Calendar_pid150415
,http://www.alibaba.com/Genuine-Leather-Belts_pid3280104,,,http://www.alibaba.com/Locksmith-Supplies_pid301003,,http://www.alibaba.com/Glass-Marbles_pid100001660,,http://www.alibaba.com/Bathroom-Products_pid100004814,,http://www.alibaba.com/Other-Recycling-Products_pid110505,http://www.alibaba.com/Clipboard_pid21200204
,http://www.alibaba.com/Leather-Gloves-Mittens_pid32406,,,http://www.alibaba.com/Other-Security-Protection-Products_pid3016,,http://www.alibaba.com/Inflatable-Toys_pid100001700,,http://www.alibaba.com/Cooking-Tools_pid100004817,,http://www.alibaba.com/Plastic-Processing-Service_pid8004,http://www.alibaba.com/Correction-Supplies_pid100003738
,http://www.alibaba.com/Ties-Accessories_pid326,,,http://www.alibaba.com/Police-Military-Supplies_pid3005,,http://www.alibaba.com/Light-Up-Toys_pid100009099,,http://www.alibaba.com/Cookware_pid152303,,http://www.alibaba.com/Plastic-Products_pid8005,http://www.alibaba.com/Desk-Organizer_pid211106
,http://www.alibaba.com/Belt-Buckles_pid3391301,,,http://www.alibaba.com/Roadway-Safety_pid3015,,http://www.alibaba.com/Noise-Maker_pid100001667,,https://www.alibaba.com/Garden-Supplies_p205816901,,http://www.alibaba.com/Plastic-Projects_pid8006,http://www.alibaba.com/Drafting-Supplies_pid2139
,http://www.alibaba.com/PU-Belts_pid3280108,,,http://www.alibaba.com/Safes_pid3012,,http://www.alibaba.com/Other-Toys-Hobbies_pid2610,,http://www.alibaba.com/Home-Decor_pid3710,,http://www.alibaba.com/Plastic-Raw-Materials_pid807,http://www.alibaba.com/Easels_pid21111107
,http://www.alibaba.com/Belt-Chains_pid3391302,,,http://www.alibaba.com/Security-Services_pid3014,,http://www.alibaba.com/Outdoor-Toys-Structures_pid100001623,,http://www.alibaba.com/Home-Storage-Organization_pid1541,,http://www.alibaba.com/Plastic-Stocks_pid8007,http://www.alibaba.com/Educational-Supplies_pid100005094
,http://www.alibaba.com/Metal-Belts_pid3280106,,,http://www.alibaba.com/Self-Defense-Supplies_pid3019,,http://www.alibaba.com/Plastic-Toys_pid100001697,,http://www.alibaba.com/Household-Chemicals_pid100004932,,http://www.alibaba.com/Recycled-Plastic_pid8008,http://www.alibaba.com/Filing-Products_pid100003804
,http://www.alibaba.com/Suspenders_pid3280111,,,http://www.alibaba.com/Water-Safety-Products_pid3006,,http://www.alibaba.com/Pretend-Play-Preschool_pid100001624,,http://www.alibaba.com/Household-Cleaning-Tools-Accessories_pid1514,,http://www.alibaba.com/Recycled-Rubber_pid8009,http://www.alibaba.com/Letter-Pad-/-Paper_pid2110
,http://www.alibaba.com/Eyewear_pid1512,,,http://www.alibaba.com/CCTV-Camera_pid301102,,http://www.alibaba.com/Solar-Toys_pid100006011,,http://www.alibaba.com/Household-Sundries_pid100004944,,http://www.alibaba.com/Rubber-Processing-Service_pid8011,http://www.alibaba.com/Magazines_pid2213
,http://www.alibaba.com/Jewelry_pid1509,,,http://www.alibaba.com/Bullet-Proof-Vest_pid300503,,http://www.alibaba.com/Toy-Accessories_pid2614,,http://www.alibaba.com/Kitchen-Knives-Accessories_pid100004936,,http://www.alibaba.com/Rubber-Products_pid8012,http://www.alibaba.com/Map_pid2209
,http://www.alibaba.com/Watches_pid1511,,,http://www.alibaba.com/Alcohol-Tester_pid301502,,http://www.alibaba.com/Toy-Animal_pid100001628,,http://www.alibaba.com/Laundry-Products_pid1516,,http://www.alibaba.com/Rubber-Projects_pid8013,http://www.alibaba.com/Notebooks-Writing-Pads_pid100003745
,http://www.alibaba.com/Eyeglasses-Frames_pid361250,,,http://www.alibaba.com/Fire-Alarm_pid300902,,http://www.alibaba.com/Toy-Guns_pid2607,,https://www.alibaba.com/Pet-Products_p205816801,,http://www.alibaba.com/Rubber-Raw-Materials_pid808,http://www.alibaba.com/Office-Adhesives-Tapes_pid100003836
,http://www.alibaba.com/Sunglasses_pid33902,,,,,http://www.alibaba.com/Toy-Parts_pid2631,,https://activity.alibaba.com/page/kitchen.html?spm=a272h.12395899.channel_left_category.1.42d34e30IcA8UZ,,http://www.alibaba.com/Rubber-Stocks_pid8014,http://www.alibaba.com/Office-Binding-Supplies_pid100003809
,http://www.alibaba.com/Sports-Eyewear_pid361230,,,,,http://www.alibaba.com/Toy-Robots_pid100001659,,http://www.alibaba.com/Dinnerware_pid100004988,,http://www.alibaba.com/Plastic-Cards_pid800506,http://www.alibaba.com/Office-Cutting-Supplies_pid100003819
,http://www.alibaba.com/Body-Jewelry_pid100006741,,,,,http://www.alibaba.com/Toy-Vehicle_pid100001627,,http://www.alibaba.com/Drinkware_pid100004960,,http://www.alibaba.com/PVC_pid807020,http://www.alibaba.com/Office-Equipment_pid100003766
,http://www.alibaba.com/Bracelets-Bangles_pid100006742,,,,,http://www.alibaba.com/Wind-Up-Toys_pid100006010,,http://www.alibaba.com/Baby-Supplies-Products_pid1501,,http://www.alibaba.com/Plastic-Tubes_pid800510,http://www.alibaba.com/Office-Paper_pid2112
,http://www.alibaba.com/Brooches_pid100006748,,,,,http://www.alibaba.com/Wooden-Toys_pid2603,,http://www.alibaba.com/Rain-Gear_pid100004950,,http://www.alibaba.com/HDPE_pid807005,http://www.alibaba.com/Other-Office-School-Supplies_pid2115
,http://www.alibaba.com/Cuff-Links-Tie-Clips_pid100006743,,,,,,,http://www.alibaba.com/Lighters-Smoking-Accessories_pid1526,,http://www.alibaba.com/Rubber-Hoses_pid801209,http://www.alibaba.com/Paper-Envelopes_pid211103
,http://www.alibaba.com/Earrings_pid100006744,,,,,,,http://www.alibaba.com/Emergency-Lighting_pid100009199,,http://www.alibaba.com/Plastic-Sheets_pid800508,http://www.alibaba.com/Pencil-Cases-Bags_pid100003742
,http://www.alibaba.com/Jewelry-Boxes_pid100002730,,,,,,,http://www.alibaba.com/Holiday-Lighting_pid150403,,http://www.alibaba.com/LDPE_pid807007,http://www.alibaba.com/Pencil-Sharpeners_pid2102
,http://www.alibaba.com/Jewelry-Sets_pid100006750,,,,,,,http://www.alibaba.com/Indoor-Lighting_pid100009161,,http://www.alibaba.com/Agricultural-Rubber_pid801201,http://www.alibaba.com/Printer-Supplies_pid2113
,http://www.alibaba.com/Jewelry-Tools-Equipment_pid100004537,,,,,,,http://www.alibaba.com/LED-Lighting_pid100009100,,http://www.alibaba.com/Biodiesel_pid100002940,http://www.alibaba.com/Stamps_pid2138
,http://www.alibaba.com/Loose-Beads_pid100006751,,,,,,,http://www.alibaba.com/Lighting-Accessories_pid530,,http://www.alibaba.com/Biogas_pid100002939,http://www.alibaba.com/Stationery-Set_pid2117
,http://www.alibaba.com/Loose-Gemstone_pid100004535,,,,,,,http://www.alibaba.com/Lighting-Bulbs-Tubes_pid150402,,http://www.alibaba.com/Charcoal_pid122,http://www.alibaba.com/Stencils_pid2140
,http://www.alibaba.com/Necklaces_pid100006746,,,,,,,http://www.alibaba.com/Other-Lights-Lighting-Products_pid3999,,http://www.alibaba.com/Coal_pid1002,http://www.alibaba.com/Writing-Accessories_pid21110709
,http://www.alibaba.com/Pendants-Charms_pid100006747,,,,,,,http://www.alibaba.com/Outdoor-Lighting_pid100009165,,http://www.alibaba.com/Coal-Gas_pid1005,http://www.alibaba.com/Writing-Instruments_pid100009730
,http://www.alibaba.com/Rings_pid100006749,,,,,,,http://www.alibaba.com/Professional-Lighting_pid100009174,,http://www.alibaba.com/Coke-Fuel_pid100107,http://www.alibaba.com/Yellow-Pages_pid100003268
,http://www.alibaba.com/Wristwatches_pid100002824,,,,,,,http://www.alibaba.com/LED-Residential-Lighting_pid100009113,,http://www.alibaba.com/Crude-Oil_pid100110,http://www.alibaba.com/Advertising-Equipment_pid281919
,,,,,,,,http://www.alibaba.com/LED-Outdoor-Lighting_pid100009101,,http://www.alibaba.com/Electricity-Generation_pid1004,http://www.alibaba.com/Cargo-Storage-Equipment_pid282914
,,,,,,,,http://www.alibaba.com/Chandeliers-Pendant-Lights_pid39050504,,http://www.alibaba.com/Petrochemical-Products_pid1001,http://www.alibaba.com/Commercial-Laundry-Equipment_pid282904
,,,,,,,,http://www.alibaba.com/Ceiling-Lights_pid39050502,,http://www.alibaba.com/Solar-Energy-Products_pid1007,http://www.alibaba.com/Financial-Equipment_pid510
,,,,,,,,http://www.alibaba.com/Crystal-Lights_pid100009208,,http://www.alibaba.com/Industrial-Fuel_pid100002941,http://www.alibaba.com/Funeral-Supplies_pid2826
,,,,,,,,http://www.alibaba.com/Stage-Lights_pid100009185,,http://www.alibaba.com/Natural-Gas_pid1003,http://www.alibaba.com/Other-Service-Equipment_pid282999
,,,,,,,,http://www.alibaba.com/Street-Lights_pid39050208,,http://www.alibaba.com/Other-Energy-Related-Products_pid1011,http://www.alibaba.com/Restaurant-Hotel-Supplies_pid2406
,,,,,,,,http://www.alibaba.com/Energy-Saving-Fluorescent_pid150408,,http://www.alibaba.com/Wood-Pellets_pid100002938,http://www.alibaba.com/Store-Supermarket-Supplies_pid282903
,,,,,,,,http://www.alibaba.com/LED-Landscape-Lamps_pid100009127,,http://www.alibaba.com/Solar-Energy-Systems_pid100705,http://www.alibaba.com/Trade-Show-Equipment_pid282901
,,,,,,,,http://www.alibaba.com/LED-Professional-Lighting_pid100009137,,http://www.alibaba.com/Lubricant_pid100102,http://www.alibaba.com/Vending-Machines_pid282905
,,,,,,,,http://www.alibaba.com/LED-Encapsulation-Series_pid100009147,,http://www.alibaba.com/Diesel-Fuel_pid100002942,http://www.alibaba.com/Wedding-Supplies_pid2818
,,,,,,,,http://www.alibaba.com/Antique-Furniture_pid100001204,,http://www.alibaba.com/Solar-Collectors_pid100704,http://www.alibaba.com/Display-Racks_pid28191902
,,,,,,,,http://www.alibaba.com/Baby-Furniture_pid100002964,,,http://www.alibaba.com/Advertising-Players_pid28191904
,,,,,,,,http://www.alibaba.com/Bamboo-Furniture_pid100001193,,,http://www.alibaba.com/Advertising-Light-Boxes_pid28191906
,,,,,,,,http://www.alibaba.com/Children-Furniture_pid100001203,,,http://www.alibaba.com/Hotel-Amenities_pid240603
,,,,,,,,http://www.alibaba.com/Commercial-Furniture_pid150301,,,http://www.alibaba.com/POS-Systems_pid51006
,,,,,,,,http://www.alibaba.com/Folding-Furniture_pid100001206,,,http://www.alibaba.com/Supermarket-Shelves_pid28290301
,,,,,,,,http://www.alibaba.com/Furniture-Accessories_pid3712,,,http://www.alibaba.com/Stacking-Racks-Shelves_pid142902
,,,,,,,,http://www.alibaba.com/Furniture-Hardware_pid150306,,,http://www.alibaba.com/Refrigeration-Equipment_pid28290302
,,,,,,,,http://www.alibaba.com/Furniture-Parts_pid3708,,,http://www.alibaba.com/Trade-Show-Tent_pid28290103
,,,,,,,,http://www.alibaba.com/Glass-Furniture_pid100001196,,,
,,,,,,,,http://www.alibaba.com/Home-Furniture_pid150303,,,
,,,,,,,,http://www.alibaba.com/Inflatable-Furniture_pid100001205,,,
,,,,,,,,http://www.alibaba.com/Metal-Furniture_pid100001198,,,
,,,,,,,,http://www.alibaba.com/Other-Furniture_pid150399,,,
,,,,,,,,http://www.alibaba.com/Outdoor-Furniture_pid150302,,,
,,,,,,,,http://www.alibaba.com/Plastic-Furniture_pid100001199,,,
,,,,,,,,http://www.alibaba.com/Rattan/Wicker-Furniture_pid100001200,,,
,,,,,,,,http://www.alibaba.com/Wood-Furniture_pid100001201,,,
,,,,,,,,http://www.alibaba.com/Living-Room-Furniture_pid370340,,,
,,,,,,,,http://www.alibaba.com/Bedroom-Furniture_pid370320,,,
